center_distance,direction,gametimeStamp,hazard_stop,im_name,index,is_test,is_train,is_val,level_0,mark,red_light,relative_angle,seq_id,speed_sign,veh_distance
0.1643,0,2600,False,episode_8_0_32.54/CameraRGB/image_00050.jpg.png,15174.0,False,True,False,15174.0,1,False,7.033348083496094e-06,0.0,-1,50.0
0.0,0,2650,False,episode_8_0_32.54/CameraRGB/image_00051.jpg.png,15175.0,False,True,False,15175.0,0,False,3.9339332857935005e-06,0.0,-1,50.0
0.1643,0,2700,False,episode_8_0_32.54/CameraRGB/image_00052.jpg.png,15176.0,False,True,False,15176.0,0,False,-5.9607195730393406e-06,0.0,-1,50.0
0.1643,0,2750,False,episode_8_0_32.54/CameraRGB/image_00053.jpg.png,15177.0,False,True,False,15177.0,0,False,-2.1221549335592726e-05,0.0,-1,50.0
0.2323552882978995,0,2800,False,episode_8_0_32.54/CameraRGB/image_00054.jpg.png,15178.0,False,True,False,15178.0,0,False,-4.0479144276517325e-05,0.0,-1,50.0
0.1643,0,2850,False,episode_8_0_32.54/CameraRGB/image_00055.jpg.png,15179.0,False,True,False,15179.0,1,False,-6.28399145190528e-05,0.0,-1,50.0
0.2323552882978995,0,2900,False,episode_8_0_32.54/CameraRGB/image_00056.jpg.png,15180.0,False,True,False,15180.0,0,False,-9.062881886912064e-05,0.0,-1,50.0
0.1643,0,2950,False,episode_8_0_32.54/CameraRGB/image_00057.jpg.png,15181.0,False,True,False,15181.0,0,False,-0.00012134086425863445,0.0,-1,50.0
0.1643,0,3000,False,episode_8_0_32.54/CameraRGB/image_00058.jpg.png,15182.0,False,True,False,15182.0,0,False,-0.00015229146967143947,0.0,-1,50.0
0.1643,0,3050,False,episode_8_0_32.54/CameraRGB/image_00059.jpg.png,15183.0,False,True,False,15183.0,0,False,-0.00017793350084183146,0.0,-1,50.0
0.2323552882978995,0,3100,False,episode_8_0_32.54/CameraRGB/image_00060.jpg.png,15184.0,False,True,False,15184.0,1,False,-0.00019814650763994024,0.0,-1,50.0
0.2323552882978995,0,3150,False,episode_8_0_32.54/CameraRGB/image_00061.jpg.png,15185.0,False,True,False,15185.0,0,False,-0.00021406294244652457,0.0,-1,50.0
0.2323552882978995,0,3200,False,episode_8_0_32.54/CameraRGB/image_00062.jpg.png,15186.0,False,True,False,15186.0,0,False,-0.00022788972819132167,0.0,-1,50.0
0.1643,0,3250,False,episode_8_0_32.54/CameraRGB/image_00063.jpg.png,15187.0,False,True,False,15187.0,0,False,-0.00024099912214481378,0.0,-1,50.0
0.1643,0,3300,False,episode_8_0_32.54/CameraRGB/image_00064.jpg.png,15188.0,False,True,False,15188.0,0,False,-0.0002513645686725852,0.0,-1,50.0
0.1643,0,3350,False,episode_8_0_32.54/CameraRGB/image_00065.jpg.png,15189.0,False,True,False,15189.0,1,False,-0.00026143140284862204,0.0,-1,50.0
0.1643,0,3400,False,episode_8_0_32.54/CameraRGB/image_00066.jpg.png,15190.0,False,True,False,15190.0,0,False,-0.0002704846288983376,0.0,-1,50.0
0.2323552882978995,0,3450,False,episode_8_0_32.54/CameraRGB/image_00067.jpg.png,15191.0,False,True,False,15191.0,0,False,-0.0002784650737224227,0.0,-1,50.0
0.2323552882978995,0,3500,False,episode_8_0_32.54/CameraRGB/image_00068.jpg.png,15192.0,False,True,False,15192.0,0,False,-0.0002865653469115158,0.0,-1,50.0
0.2323552882978995,0,3550,False,episode_8_0_32.54/CameraRGB/image_00069.jpg.png,15193.0,False,True,False,15193.0,0,False,-0.0002934142950206109,0.0,-1,50.0
0.2323552882978995,0,3600,False,episode_8_0_32.54/CameraRGB/image_00070.jpg.png,15194.0,False,True,False,15194.0,1,False,-0.0003003831747534491,0.0,-1,50.0
0.2323552882978995,0,3650,False,episode_8_0_32.54/CameraRGB/image_00071.jpg.png,15195.0,False,True,False,15195.0,0,False,-0.0003067565205334688,0.0,-1,50.0
0.2323552882978995,0,3700,False,episode_8_0_32.54/CameraRGB/image_00072.jpg.png,15196.0,False,True,False,15196.0,0,False,-0.000312713188109548,0.0,-1,50.0
0.1643,0,3750,False,episode_8_0_32.54/CameraRGB/image_00073.jpg.png,15197.0,False,True,False,15197.0,0,False,-0.00031837215551622217,0.0,-1,50.0
0.2323552882978995,0,3800,False,episode_8_0_32.54/CameraRGB/image_00074.jpg.png,15198.0,False,True,False,15198.0,0,False,-0.00032343545756319264,0.0,-1,50.0
0.2323552882978995,0,3850,False,episode_8_0_32.54/CameraRGB/image_00075.jpg.png,15199.0,False,True,False,15199.0,1,False,-0.0003282011009879682,0.0,-1,50.0
0.1643,0,3900,False,episode_8_0_32.54/CameraRGB/image_00076.jpg.png,15200.0,False,True,False,15200.0,0,False,-0.00033237076118730613,0.0,-1,50.0
0.1643,0,3950,False,episode_8_0_32.54/CameraRGB/image_00077.jpg.png,15201.0,False,True,False,15201.0,0,False,-0.0003355270922051901,0.0,-1,50.0
0.1643,0,4000,False,episode_8_0_32.54/CameraRGB/image_00078.jpg.png,15202.0,False,True,False,15202.0,0,False,-0.0003371334231632161,0.0,-1,50.0
0.1643,0,4050,False,episode_8_0_32.54/CameraRGB/image_00079.jpg.png,15203.0,False,True,False,15203.0,0,False,-0.00033659383635331613,0.0,-1,50.0
0.1643,0,4100,False,episode_8_0_32.54/CameraRGB/image_00080.jpg.png,15204.0,False,True,False,15204.0,1,False,-0.00033384902560396057,0.0,-1,50.0
0.1643,0,4150,False,episode_8_0_32.54/CameraRGB/image_00081.jpg.png,15205.0,False,True,False,15205.0,0,False,-0.0003296744966174714,0.0,-1,50.0
0.1643,0,4200,False,episode_8_0_32.54/CameraRGB/image_00082.jpg.png,15206.0,False,True,False,15206.0,0,False,-0.00032293805040950474,0.0,-1,50.0
0.1643,0,4250,False,episode_8_0_32.54/CameraRGB/image_00083.jpg.png,15207.0,False,True,False,15207.0,0,False,-0.00031435527966827687,0.0,-1,50.0
0.1643,0,4300,False,episode_8_0_32.54/CameraRGB/image_00084.jpg.png,15208.0,False,True,False,15208.0,0,False,-0.00030356856352575784,0.0,-1,50.0
0.1643,0,4350,False,episode_8_0_32.54/CameraRGB/image_00085.jpg.png,15209.0,False,True,False,15209.0,1,False,-0.00029409397165469636,0.0,-1,50.0
0.1643,0,4400,False,episode_8_0_32.54/CameraRGB/image_00086.jpg.png,15210.0,False,True,False,15210.0,0,False,-0.00028444035918528954,0.0,-1,50.0
0.1643,0,4450,False,episode_8_0_32.54/CameraRGB/image_00087.jpg.png,15211.0,False,True,False,15211.0,0,False,-0.00027752757262522465,0.0,-1,50.0
0.2323552882978995,0,4500,False,episode_8_0_32.54/CameraRGB/image_00088.jpg.png,15212.0,False,True,False,15212.0,0,False,-0.00027341477754117,0.0,-1,50.0
0.2323552882978995,0,4550,False,episode_8_0_32.54/CameraRGB/image_00089.jpg.png,15213.0,False,True,False,15213.0,0,False,-0.0002710888496464392,0.0,-1,50.0
0.2323552882978995,0,4600,False,episode_8_0_32.54/CameraRGB/image_00090.jpg.png,15214.0,False,True,False,15214.0,1,False,-0.00027037169012089635,0.0,-1,50.0
0.2323552882978995,0,4650,False,episode_8_0_32.54/CameraRGB/image_00091.jpg.png,15215.0,False,True,False,15215.0,0,False,-0.0002734097091803278,0.0,-1,50.0
0.2323552882978995,0,4700,False,episode_8_0_32.54/CameraRGB/image_00092.jpg.png,15216.0,False,True,False,15216.0,0,False,-0.0002729313047149517,0.0,-1,50.0
0.2323552882978995,0,4750,False,episode_8_0_32.54/CameraRGB/image_00093.jpg.png,15217.0,False,True,False,15217.0,0,False,-0.00028014239084050985,0.0,-1,50.0
0.2323552882978995,0,4800,False,episode_8_0_32.54/CameraRGB/image_00094.jpg.png,15218.0,False,True,False,15218.0,0,False,-0.00027805576015182965,0.0,-1,50.0
0.1643,0,4850,False,episode_8_0_32.54/CameraRGB/image_00095.jpg.png,15219.0,False,True,False,15219.0,1,False,-0.00028759243739617796,0.0,-1,50.0
0.1643,0,4900,False,episode_8_0_32.54/CameraRGB/image_00096.jpg.png,15220.0,False,True,False,15220.0,0,False,-0.00028675833127334016,0.0,-1,50.0
0.1643,0,4950,False,episode_8_0_32.54/CameraRGB/image_00097.jpg.png,15221.0,False,True,False,15221.0,0,False,-0.0002944477791029243,0.0,-1,50.0
0.1643,0,5000,False,episode_8_0_32.54/CameraRGB/image_00098.jpg.png,15222.0,False,True,False,15222.0,0,False,-0.0002961769894316291,0.0,-1,50.0
0.1643,0,5050,False,episode_8_0_32.54/CameraRGB/image_00099.jpg.png,15223.0,False,True,False,15223.0,0,False,-0.00030255543989543554,0.0,-1,50.0
0.1643,0,5100,False,episode_8_0_32.54/CameraRGB/image_00100.jpg.png,15224.0,False,True,False,15224.0,1,False,-0.0003062516854495101,0.0,-1,50.0
0.1643,0,5150,False,episode_8_0_32.54/CameraRGB/image_00101.jpg.png,15225.0,False,True,False,15225.0,0,False,-0.0003114379900761577,0.0,-1,50.0
0.1643,0,5200,False,episode_8_0_32.54/CameraRGB/image_00102.jpg.png,15226.0,False,True,False,15226.0,0,False,-0.0003133447637084785,0.0,-1,50.0
0.1643,0,5250,False,episode_8_0_32.54/CameraRGB/image_00103.jpg.png,15227.0,False,True,False,15227.0,0,False,-0.00031376128971505324,0.0,-1,50.0
0.1643,0,5300,False,episode_8_0_32.54/CameraRGB/image_00104.jpg.png,15228.0,False,True,False,15228.0,0,False,-0.00031334317617215385,0.0,-1,50.0
0.1643,0,5350,False,episode_8_0_32.54/CameraRGB/image_00105.jpg.png,15229.0,False,True,False,15229.0,1,False,-0.00031429642429703364,0.0,-1,50.0
0.1643,0,5400,False,episode_8_0_32.54/CameraRGB/image_00106.jpg.png,15230.0,False,True,False,15230.0,0,False,-0.0003131634653881221,0.0,-1,50.0
0.1643,0,5450,False,episode_8_0_32.54/CameraRGB/image_00107.jpg.png,15231.0,False,True,False,15231.0,0,False,-0.00031381896818238886,0.0,-1,50.0
0.1643,0,5500,False,episode_8_0_32.54/CameraRGB/image_00108.jpg.png,15232.0,False,True,False,15232.0,0,False,-0.00031268621722624346,0.0,-1,50.0
0.1643,0,5550,False,episode_8_0_32.54/CameraRGB/image_00109.jpg.png,15233.0,False,True,False,15233.0,0,False,-0.000313222640754951,0.0,-1,50.0
0.1643,0,5600,False,episode_8_0_32.54/CameraRGB/image_00110.jpg.png,15234.0,False,True,False,15234.0,1,False,-0.0003122092680625244,0.0,-1,50.0
0.1643,0,5650,False,episode_8_0_32.54/CameraRGB/image_00111.jpg.png,15235.0,False,True,False,15235.0,0,False,-0.00031328211472825284,0.0,-1,50.0
0.1643,0,5700,False,episode_8_0_32.54/CameraRGB/image_00112.jpg.png,15236.0,False,True,False,15236.0,0,False,-0.00032353546615304646,0.0,-1,50.0
0.1643,0,5750,False,episode_8_0_32.54/CameraRGB/image_00113.jpg.png,15237.0,False,True,False,15237.0,0,False,-0.0003398716880287367,0.0,-1,50.0
0.2323552882978995,0,5800,False,episode_8_0_32.54/CameraRGB/image_00114.jpg.png,15238.0,False,True,False,15238.0,0,False,-0.00035686552164726493,0.0,-1,50.0
0.2323552882978995,0,5850,False,episode_8_0_32.54/CameraRGB/image_00115.jpg.png,15239.0,False,True,False,15239.0,1,False,-0.00037177285486045264,0.0,-1,50.0
0.2323552882978995,0,5900,False,episode_8_0_32.54/CameraRGB/image_00116.jpg.png,15240.0,False,True,False,15240.0,0,False,-0.0003841149552323842,0.0,-1,50.0
0.8215,1,2600,False,episode_8_0_42.45/CameraRGB/image_00050.jpg.png,16330.0,False,True,False,16330.0,1,False,8.58306884765625e-06,1.0,-1,50.0
0.8215,1,2650,False,episode_8_0_42.45/CameraRGB/image_00051.jpg.png,16331.0,False,True,False,16331.0,0,False,5.245244381058001e-06,1.0,-1,50.0
0.6572,1,2700,False,episode_8_0_42.45/CameraRGB/image_00052.jpg.png,16332.0,False,True,False,16332.0,0,False,-0.0014802256457944196,1.0,-1,50.0
0.6572,1,2750,False,episode_8_0_42.45/CameraRGB/image_00053.jpg.png,16333.0,False,True,False,16333.0,0,False,-0.006166740505475943,1.0,-1,50.0
0.6572,1,2800,False,episode_8_0_42.45/CameraRGB/image_00054.jpg.png,16334.0,False,True,False,16334.0,0,False,-0.010966471583805593,1.0,-1,50.0
0.6572,1,2850,False,episode_8_0_42.45/CameraRGB/image_00055.jpg.png,16335.0,False,True,False,16335.0,1,False,-0.01427065745639755,1.0,-1,50.0
0.6572,1,2900,False,episode_8_0_42.45/CameraRGB/image_00056.jpg.png,16336.0,False,True,False,16336.0,0,False,-0.015849040998521247,1.0,-1,50.0
0.6572,1,2950,False,episode_8_0_42.45/CameraRGB/image_00057.jpg.png,16337.0,False,True,False,16337.0,0,False,-0.016414632391998474,1.0,-1,50.0
0.6572,1,3000,False,episode_8_0_42.45/CameraRGB/image_00058.jpg.png,16338.0,False,True,False,16338.0,0,False,-0.016621782819864706,1.0,-1,50.0
0.6572,1,3050,False,episode_8_0_42.45/CameraRGB/image_00059.jpg.png,16339.0,False,True,False,16339.0,0,False,-0.016722623802175818,1.0,-1,50.0
0.6572,1,3100,False,episode_8_0_42.45/CameraRGB/image_00060.jpg.png,16340.0,False,True,False,16340.0,1,False,-0.016777952995330914,1.0,-1,50.0
0.6572,1,3150,False,episode_8_0_42.45/CameraRGB/image_00061.jpg.png,16341.0,False,True,False,16341.0,0,False,-0.01680616553087777,1.0,-1,50.0
0.6572,1,3200,False,episode_8_0_42.45/CameraRGB/image_00062.jpg.png,16342.0,False,True,False,16342.0,0,False,-0.016820272447348298,1.0,-1,50.0
0.6572,1,3250,False,episode_8_0_42.45/CameraRGB/image_00063.jpg.png,16343.0,False,True,False,16343.0,0,False,-0.01682608275587061,1.0,-1,50.0
0.6572,1,3300,False,episode_8_0_42.45/CameraRGB/image_00064.jpg.png,16344.0,False,True,False,16344.0,0,False,-0.016832352135561557,1.0,-1,50.0
0.6572,1,3350,False,episode_8_0_42.45/CameraRGB/image_00065.jpg.png,16345.0,False,True,False,16345.0,1,False,-0.016800030676321853,1.0,-1,50.0
0.6572,1,3400,False,episode_8_0_42.45/CameraRGB/image_00066.jpg.png,16346.0,False,True,False,16346.0,0,False,-0.01684535074301685,1.0,-1,50.0
0.6572,1,3450,False,episode_8_0_42.45/CameraRGB/image_00067.jpg.png,16347.0,False,True,False,16347.0,0,False,-0.0168103426074655,1.0,-1,50.0
0.6572,1,3500,False,episode_8_0_42.45/CameraRGB/image_00068.jpg.png,16348.0,False,True,False,16348.0,0,False,-0.016829188235293557,1.0,-1,50.0
0.6572,1,3550,False,episode_8_0_42.45/CameraRGB/image_00069.jpg.png,16349.0,False,True,False,16349.0,0,False,-0.01680450949253487,1.0,-1,50.0
0.4929,1,3600,False,episode_8_0_42.45/CameraRGB/image_00070.jpg.png,16350.0,False,True,False,16350.0,1,False,-0.016798760709640703,1.0,-1,50.0
0.4929,1,3650,False,episode_8_0_42.45/CameraRGB/image_00071.jpg.png,16351.0,False,True,False,16351.0,0,False,-0.016793331442800152,1.0,-1,50.0
0.4929,1,3700,False,episode_8_0_42.45/CameraRGB/image_00072.jpg.png,16352.0,False,True,False,16352.0,0,False,-0.016788725961442097,1.0,-1,50.0
0.4929,1,3750,False,episode_8_0_42.45/CameraRGB/image_00073.jpg.png,16353.0,False,True,False,16353.0,0,False,-0.01678384548096279,1.0,-1,50.0
0.4929,1,3800,False,episode_8_0_42.45/CameraRGB/image_00074.jpg.png,16354.0,False,True,False,16354.0,0,False,-0.016780219496860482,1.0,-1,50.0
0.4929,1,3850,False,episode_8_0_42.45/CameraRGB/image_00075.jpg.png,16355.0,False,True,False,16355.0,1,False,-0.016777052260616543,1.0,-1,50.0
0.4929,1,3900,False,episode_8_0_42.45/CameraRGB/image_00076.jpg.png,16356.0,False,True,False,16356.0,0,False,-0.016773682218651054,1.0,-1,50.0
0.4929,1,3950,False,episode_8_0_42.45/CameraRGB/image_00077.jpg.png,16357.0,False,True,False,16357.0,0,False,-0.016771720508812038,1.0,-1,50.0
0.4929,1,4000,False,episode_8_0_42.45/CameraRGB/image_00078.jpg.png,16358.0,False,True,False,16358.0,0,False,-0.016769857002030264,1.0,-1,50.0
0.4929,1,4050,False,episode_8_0_42.45/CameraRGB/image_00079.jpg.png,16359.0,False,True,False,16359.0,0,False,-0.01676893306006999,1.0,-1,50.0
0.4929,1,4100,False,episode_8_0_42.45/CameraRGB/image_00080.jpg.png,16360.0,False,True,False,16360.0,1,False,-0.016768297111903863,1.0,-1,50.0
0.4929,1,4150,False,episode_8_0_42.45/CameraRGB/image_00081.jpg.png,16361.0,False,True,False,16361.0,0,False,-0.016767774363948718,1.0,-1,50.0
0.4929,1,4200,False,episode_8_0_42.45/CameraRGB/image_00082.jpg.png,16362.0,False,True,False,16362.0,0,False,-0.01676832935495387,1.0,-1,50.0
0.4929,1,4250,False,episode_8_0_42.45/CameraRGB/image_00083.jpg.png,16363.0,False,True,False,16363.0,0,False,-0.016768231780227794,1.0,-1,50.0
0.4929,1,4300,False,episode_8_0_42.45/CameraRGB/image_00084.jpg.png,16364.0,False,True,False,16364.0,0,False,-0.01676939572427294,1.0,-1,50.0
0.4929,1,4350,False,episode_8_0_42.45/CameraRGB/image_00085.jpg.png,16365.0,False,True,False,16365.0,1,False,-0.01677050906408528,1.0,-1,50.0
0.4929,1,4400,False,episode_8_0_42.45/CameraRGB/image_00086.jpg.png,16366.0,False,True,False,16366.0,0,False,-0.01677169099419551,1.0,-1,50.0
0.4929,1,4450,False,episode_8_0_42.45/CameraRGB/image_00087.jpg.png,16367.0,False,True,False,16367.0,0,False,-0.01677245874815103,1.0,-1,50.0
0.4929,1,4500,False,episode_8_0_42.45/CameraRGB/image_00088.jpg.png,16368.0,False,True,False,16368.0,0,False,-0.01677443142321522,1.0,-1,50.0
0.4929,1,4550,False,episode_8_0_42.45/CameraRGB/image_00089.jpg.png,16369.0,False,True,False,16369.0,0,False,-0.016775088981854758,1.0,-1,50.0
0.4929,1,4600,False,episode_8_0_42.45/CameraRGB/image_00090.jpg.png,16370.0,False,True,False,16370.0,1,False,-0.016776949465601376,1.0,-1,50.0
0.4929,1,4650,False,episode_8_0_42.45/CameraRGB/image_00091.jpg.png,16371.0,False,True,False,16371.0,0,False,-0.016778032199376014,1.0,-1,50.0
0.4929,1,4700,False,episode_8_0_42.45/CameraRGB/image_00092.jpg.png,16372.0,False,True,False,16372.0,0,False,-0.016779411916251874,1.0,-1,50.0
0.4929,1,4750,False,episode_8_0_42.45/CameraRGB/image_00093.jpg.png,16373.0,False,True,False,16373.0,0,False,-0.016781092617162763,1.0,-1,50.0
0.4929,1,4800,False,episode_8_0_42.45/CameraRGB/image_00094.jpg.png,16374.0,False,True,False,16374.0,0,False,-0.016782291547392525,1.0,-1,50.0
0.4929,1,4850,False,episode_8_0_42.45/CameraRGB/image_00095.jpg.png,16375.0,False,True,False,16375.0,1,False,-0.01678384305561753,1.0,-1,50.0
0.4929,1,4900,False,episode_8_0_42.45/CameraRGB/image_00096.jpg.png,16376.0,False,True,False,16376.0,0,False,-0.016784857195640157,1.0,-1,50.0
0.4929,1,4950,False,episode_8_0_42.45/CameraRGB/image_00097.jpg.png,16377.0,False,True,False,16377.0,0,False,-0.016785990528652484,1.0,-1,50.0
0.4929,1,5000,False,episode_8_0_42.45/CameraRGB/image_00098.jpg.png,16378.0,False,True,False,16378.0,0,False,-0.016786282507927908,1.0,-1,50.0
0.4929,1,5050,False,episode_8_0_42.45/CameraRGB/image_00099.jpg.png,16379.0,False,True,False,16379.0,0,False,-0.01678747043422746,1.0,-1,50.0
0.4929,1,5100,False,episode_8_0_42.45/CameraRGB/image_00100.jpg.png,16380.0,False,True,False,16380.0,1,False,-0.016788719957591347,1.0,-1,50.0
0.4929,1,5150,False,episode_8_0_42.45/CameraRGB/image_00101.jpg.png,16381.0,False,True,False,16381.0,0,False,-0.016788591759080873,1.0,-1,50.0
0.4929,1,5200,False,episode_8_0_42.45/CameraRGB/image_00102.jpg.png,16382.0,False,True,False,16382.0,0,False,-0.016789062526083143,1.0,-1,50.0
0.4929,1,5250,False,episode_8_0_42.45/CameraRGB/image_00103.jpg.png,16383.0,False,True,False,16383.0,0,False,-0.016789593889761534,1.0,-1,50.0
0.4929,1,5300,False,episode_8_0_42.45/CameraRGB/image_00104.jpg.png,16384.0,False,True,False,16384.0,0,False,-0.016789769676644358,1.0,-1,50.0
0.4929,1,5350,False,episode_8_0_42.45/CameraRGB/image_00105.jpg.png,16385.0,False,True,False,16385.0,1,False,-0.016789706077529942,1.0,-1,50.0
0.4929,1,5400,False,episode_8_0_42.45/CameraRGB/image_00106.jpg.png,16386.0,False,True,False,16386.0,0,False,-0.016790175842885446,1.0,-1,50.0
0.4929,1,5450,False,episode_8_0_42.45/CameraRGB/image_00107.jpg.png,16387.0,False,True,False,16387.0,0,False,-0.016790053648168882,1.0,-1,50.0
0.4929,1,5500,False,episode_8_0_42.45/CameraRGB/image_00108.jpg.png,16388.0,False,True,False,16388.0,0,False,-0.016790111242993788,1.0,-1,50.0
0.4929,1,5550,False,episode_8_0_42.45/CameraRGB/image_00109.jpg.png,16389.0,False,True,False,16389.0,0,False,0.2555303394283179,1.0,-1,50.0
0.4929,1,5600,False,episode_8_0_42.45/CameraRGB/image_00110.jpg.png,16390.0,False,True,False,16390.0,1,False,0.2542863773414269,1.0,-1,50.0
0.3286,1,5650,False,episode_8_0_42.45/CameraRGB/image_00111.jpg.png,16391.0,False,True,False,16391.0,0,False,0.25054969559965323,1.0,-1,50.0
0.3286,1,5700,False,episode_8_0_42.45/CameraRGB/image_00112.jpg.png,16392.0,False,True,False,16392.0,0,False,0.24421220772273644,1.0,-1,50.0
0.3286,1,5750,False,episode_8_0_42.45/CameraRGB/image_00113.jpg.png,16393.0,False,True,False,16393.0,0,False,0.2362061508982183,1.0,-1,50.0
0.3673859687032153,1,5800,False,episode_8_0_42.45/CameraRGB/image_00114.jpg.png,16394.0,False,True,False,16394.0,0,False,0.2278802008678911,1.0,-1,50.0
0.1643,1,5850,False,episode_8_0_42.45/CameraRGB/image_00115.jpg.png,16395.0,False,True,False,16395.0,1,False,0.21965255788242385,1.0,-1,50.0
0.1643,1,5900,False,episode_8_0_42.45/CameraRGB/image_00116.jpg.png,16396.0,False,True,False,16396.0,0,False,0.21197691922039813,1.0,-1,50.0
0.1643,1,5950,False,episode_8_0_42.45/CameraRGB/image_00117.jpg.png,16397.0,False,True,False,16397.0,0,False,0.20471444176010534,1.0,-1,50.0
0.1643,1,6000,False,episode_8_0_42.45/CameraRGB/image_00118.jpg.png,16398.0,False,True,False,16398.0,0,False,0.19774572620952088,1.0,-1,50.0
0.0,1,6050,False,episode_8_0_42.45/CameraRGB/image_00119.jpg.png,16399.0,False,True,False,16399.0,0,False,0.1910403741097141,1.0,-1,50.0
0.1643,1,6100,False,episode_8_0_42.45/CameraRGB/image_00120.jpg.png,16400.0,False,True,False,16400.0,1,False,0.1848481867916778,1.0,-1,50.0
0.0,1,6150,False,episode_8_0_42.45/CameraRGB/image_00121.jpg.png,16401.0,False,True,False,16401.0,0,False,0.17875117989015113,1.0,-1,50.0
0.1643,1,6200,False,episode_8_0_42.45/CameraRGB/image_00122.jpg.png,16402.0,False,True,False,16402.0,0,False,0.17305314432040395,1.0,-1,50.0
0.0,1,6250,False,episode_8_0_42.45/CameraRGB/image_00123.jpg.png,16403.0,False,True,False,16403.0,0,False,0.16741693958012308,1.0,-1,50.0
0.1643,1,6300,False,episode_8_0_42.45/CameraRGB/image_00124.jpg.png,16404.0,False,True,False,16404.0,0,False,0.16216442344154106,1.0,-1,50.0
0.2323552882978995,1,6350,False,episode_8_0_42.45/CameraRGB/image_00125.jpg.png,16405.0,False,True,False,16405.0,1,False,0.15695932456028813,1.0,-1,50.0
0.2323552882978995,1,6400,False,episode_8_0_42.45/CameraRGB/image_00126.jpg.png,16406.0,False,True,False,16406.0,0,False,0.15175383433768044,1.0,-1,50.0
0.3286,1,6450,False,episode_8_0_42.45/CameraRGB/image_00127.jpg.png,16407.0,False,True,False,16407.0,0,False,0.4889663209235806,1.0,-1,50.0
0.2323552882978995,1,6500,False,episode_8_0_42.45/CameraRGB/image_00128.jpg.png,16408.0,False,True,False,16408.0,0,False,0.4687295104474946,1.0,-1,50.0
0.3673859687032153,1,6550,False,episode_8_0_42.45/CameraRGB/image_00129.jpg.png,16409.0,False,True,False,16409.0,0,False,0.28761367072859345,1.0,-1,50.0
0.3673859687032153,1,6600,False,episode_8_0_42.45/CameraRGB/image_00130.jpg.png,16410.0,False,True,False,16410.0,1,False,0.27783643201945063,1.0,-1,50.0
0.5195622195656648,1,6650,False,episode_8_0_42.45/CameraRGB/image_00131.jpg.png,16411.0,False,True,False,16411.0,0,False,0.26778463646863965,1.0,-1,50.0
0.5195622195656648,1,6700,False,episode_8_0_42.45/CameraRGB/image_00132.jpg.png,16412.0,False,True,False,16412.0,0,False,0.25772283139906305,1.0,-1,50.0
0.3673859687032153,1,6750,False,episode_8_0_42.45/CameraRGB/image_00133.jpg.png,16413.0,False,True,False,16413.0,0,False,0.2478723682061185,1.0,-1,50.0
0.3673859687032153,1,6800,False,episode_8_0_42.45/CameraRGB/image_00134.jpg.png,16414.0,False,True,False,16414.0,0,False,0.23857407614955964,1.0,-1,50.0
0.464710576595799,1,6850,False,episode_8_0_42.45/CameraRGB/image_00135.jpg.png,16415.0,False,True,False,16415.0,1,False,0.2297190267833871,1.0,-1,50.0
0.5195622195656648,1,6900,False,episode_8_0_42.45/CameraRGB/image_00136.jpg.png,16416.0,False,True,False,16416.0,0,False,0.22106783843508024,1.0,-1,50.0
0.464710576595799,1,6950,False,episode_8_0_42.45/CameraRGB/image_00137.jpg.png,16417.0,False,True,False,16417.0,0,False,0.2125906537430727,1.0,-1,50.0
0.464710576595799,1,7000,False,episode_8_0_42.45/CameraRGB/image_00138.jpg.png,16418.0,False,True,False,16418.0,0,False,0.20446199960440525,1.0,-1,50.0
0.3286,1,7050,False,episode_8_0_42.45/CameraRGB/image_00139.jpg.png,16419.0,False,True,False,16419.0,0,False,0.19667180050665056,1.0,-1,50.0
0.3286,1,7100,False,episode_8_0_42.45/CameraRGB/image_00140.jpg.png,16420.0,False,True,False,16420.0,1,False,0.18940007587457347,1.0,-1,50.0
0.1643,1,7150,False,episode_8_0_42.45/CameraRGB/image_00141.jpg.png,16421.0,False,True,False,16421.0,0,False,0.18251188656464032,1.0,-1,50.0
0.1643,1,7200,False,episode_8_0_42.45/CameraRGB/image_00142.jpg.png,16422.0,False,True,False,16422.0,0,False,0.1761741266918963,1.0,-1,50.0
0.1643,1,7250,False,episode_8_0_42.45/CameraRGB/image_00143.jpg.png,16423.0,False,True,False,16423.0,0,False,0.1702128396099682,1.0,-1,50.0
0.2323552882978995,1,7300,False,episode_8_0_42.45/CameraRGB/image_00144.jpg.png,16424.0,False,True,False,16424.0,0,False,0.1645170008399293,1.0,-1,50.0
0.1643,1,7350,False,episode_8_0_42.45/CameraRGB/image_00145.jpg.png,16425.0,False,True,False,16425.0,1,False,0.15895217705322331,1.0,-1,50.0
0.0,1,7400,False,episode_8_0_42.45/CameraRGB/image_00146.jpg.png,16426.0,False,True,False,16426.0,0,False,0.15367781588013674,1.0,-1,50.0
0.1643,1,7450,False,episode_8_0_42.45/CameraRGB/image_00147.jpg.png,16427.0,False,True,False,16427.0,0,False,0.2006725939656766,1.0,-1,50.0
0.1643,1,7500,False,episode_8_0_42.45/CameraRGB/image_00148.jpg.png,16428.0,False,True,False,16428.0,0,False,0.19510297163568416,1.0,-1,50.0
0.1643,1,7550,False,episode_8_0_42.45/CameraRGB/image_00149.jpg.png,16429.0,False,True,False,16429.0,0,False,0.1887625060092196,1.0,-1,50.0
0.3286,1,7600,False,episode_8_0_42.45/CameraRGB/image_00150.jpg.png,16430.0,False,True,False,16430.0,1,False,0.18244681864813184,1.0,-1,50.0
0.3286,1,7650,False,episode_8_0_42.45/CameraRGB/image_00151.jpg.png,16431.0,False,True,False,16431.0,0,False,0.17609023276948088,1.0,-1,50.0
0.3286,1,7700,False,episode_8_0_42.45/CameraRGB/image_00152.jpg.png,16432.0,False,True,False,16432.0,0,False,0.16986035298051635,1.0,-1,50.0
0.4929,1,7750,False,episode_8_0_42.45/CameraRGB/image_00153.jpg.png,16433.0,False,True,False,16433.0,0,False,0.16385612625617876,1.0,-1,50.0
0.4929,1,7800,False,episode_8_0_42.45/CameraRGB/image_00154.jpg.png,16434.0,False,True,False,16434.0,0,False,0.15783474106923787,1.0,-1,50.0
0.6572,1,7850,False,episode_8_0_42.45/CameraRGB/image_00155.jpg.png,16435.0,False,True,False,16435.0,1,False,0.15193370681206567,1.0,-1,50.0
0.6572,1,7900,False,episode_8_0_42.45/CameraRGB/image_00156.jpg.png,16436.0,False,True,False,16436.0,0,False,0.4866359891720968,1.0,-1,50.0
0.8215,1,7950,False,episode_8_0_42.45/CameraRGB/image_00157.jpg.png,16437.0,False,True,False,16437.0,0,False,0.4633046601018149,1.0,-1,50.0
0.5923920745587334,1,8000,False,episode_8_0_42.45/CameraRGB/image_00158.jpg.png,16438.0,False,True,False,16438.0,0,False,0.4329556632548783,1.0,-1,50.0
0.6572,1,8050,False,episode_8_0_42.45/CameraRGB/image_00159.jpg.png,16439.0,False,True,False,16439.0,0,False,0.39510319438657415,1.0,-1,50.0
0.6572,1,8100,False,episode_8_0_42.45/CameraRGB/image_00160.jpg.png,16440.0,False,True,False,16440.0,1,False,0.3509623702607252,1.0,-1,50.0
0.4929,1,8150,False,episode_8_0_42.45/CameraRGB/image_00161.jpg.png,16441.0,False,True,False,16441.0,0,False,0.30600505779101983,1.0,-1,50.0
0.4929,1,8200,False,episode_8_0_42.45/CameraRGB/image_00162.jpg.png,16442.0,False,True,False,16442.0,0,False,0.2653390730140819,1.0,-1,50.0
0.4929,1,8250,False,episode_8_0_42.45/CameraRGB/image_00163.jpg.png,16443.0,False,True,False,16443.0,0,False,0.229810371047642,1.0,-1,50.0
0.3286,0,8300,False,episode_8_0_42.45/CameraRGB/image_00164.jpg.png,16444.0,False,True,False,16444.0,0,False,0.19892623667667567,1.0,-1,50.0
0.3286,0,8350,False,episode_8_0_42.45/CameraRGB/image_00165.jpg.png,16445.0,False,True,False,16445.0,1,False,0.17399477562095456,1.0,-1,50.0
0.3673859687032153,0,8400,False,episode_8_0_42.45/CameraRGB/image_00166.jpg.png,16446.0,False,True,False,16446.0,0,False,0.1535337259870264,1.0,-1,50.0
0.3286,0,8450,False,episode_8_0_42.45/CameraRGB/image_00167.jpg.png,16447.0,False,True,False,16447.0,0,False,0.13581517278249589,1.0,-1,50.0
0.3286,0,8500,False,episode_8_0_42.45/CameraRGB/image_00168.jpg.png,16448.0,False,True,False,16448.0,0,False,0.1205792096103444,1.0,-1,50.0
0.5195622195656648,0,8550,False,episode_8_0_42.45/CameraRGB/image_00169.jpg.png,16449.0,False,True,False,16449.0,0,False,0.10750948542032468,1.0,-1,50.0
0.3286,0,8600,False,episode_8_0_42.45/CameraRGB/image_00170.jpg.png,16450.0,False,True,False,16450.0,1,False,0.09531330315364617,1.0,-1,50.0
0.3673859687032153,0,8650,False,episode_8_0_42.45/CameraRGB/image_00171.jpg.png,16451.0,False,True,False,16451.0,0,False,0.08565932396292553,1.0,-1,50.0
0.3673859687032153,0,8700,False,episode_8_0_42.45/CameraRGB/image_00172.jpg.png,16452.0,False,True,False,16452.0,0,False,0.07769167292236201,1.0,-1,50.0
0.3673859687032153,0,8750,False,episode_8_0_42.45/CameraRGB/image_00173.jpg.png,16453.0,False,True,False,16453.0,0,False,0.0710284355029005,1.0,-1,50.0
0.3286,0,8800,False,episode_8_0_42.45/CameraRGB/image_00174.jpg.png,16454.0,False,True,False,16454.0,0,False,0.06545019065740121,1.0,-1,50.0
0.3286,0,8850,False,episode_8_0_42.45/CameraRGB/image_00175.jpg.png,16455.0,False,True,False,16455.0,1,False,0.06113320703313541,1.0,-1,50.0
0.8215,0,2600,False,episode_8_0_84.86/CameraRGB/image_00050.jpg.png,31965.0,True,False,True,31965.0,1,False,5.841255884320162e-06,2.0,-1,50.0
0.8215,0,2650,False,episode_8_0_84.86/CameraRGB/image_00051.jpg.png,31966.0,True,False,True,31966.0,0,False,1.9073589783147327e-06,2.0,-1,50.0
0.6572,0,2700,False,episode_8_0_84.86/CameraRGB/image_00052.jpg.png,31967.0,True,False,True,31967.0,0,False,-0.0014833789871477876,2.0,-1,50.0
0.6774262542889816,0,2750,False,episode_8_0_84.86/CameraRGB/image_00053.jpg.png,31968.0,True,False,True,31968.0,0,False,-0.0056361590018809676,2.0,-1,50.0
0.6774262542889816,0,2800,False,episode_8_0_84.86/CameraRGB/image_00054.jpg.png,31969.0,True,False,True,31969.0,0,False,-0.009556407839598435,2.0,-1,50.0
0.6572,0,2850,False,episode_8_0_84.86/CameraRGB/image_00055.jpg.png,31970.0,True,False,True,31970.0,1,False,-0.011796929282557931,2.0,-1,50.0
0.6774262542889816,0,2900,False,episode_8_0_84.86/CameraRGB/image_00056.jpg.png,31971.0,True,False,True,31971.0,0,False,-0.0126752117910387,2.0,-1,50.0
0.6572,0,2950,False,episode_8_0_84.86/CameraRGB/image_00057.jpg.png,31972.0,True,False,True,31972.0,0,False,-0.01297286971404521,2.0,-1,50.0
0.6774262542889816,0,3000,False,episode_8_0_84.86/CameraRGB/image_00058.jpg.png,31973.0,True,False,True,31973.0,0,False,-0.013096724411269632,2.0,-1,50.0
0.6572,0,3050,False,episode_8_0_84.86/CameraRGB/image_00059.jpg.png,31974.0,True,False,True,31974.0,0,False,-0.01316984698796908,2.0,-1,50.0
0.6572,0,3100,False,episode_8_0_84.86/CameraRGB/image_00060.jpg.png,31975.0,True,False,True,31975.0,1,False,-0.013216761492162554,2.0,-1,50.0
0.6774262542889816,0,3150,False,episode_8_0_84.86/CameraRGB/image_00061.jpg.png,31976.0,True,False,True,31976.0,0,False,-0.01324977862784138,2.0,-1,50.0
0.6774262542889816,0,3200,False,episode_8_0_84.86/CameraRGB/image_00062.jpg.png,31977.0,True,False,True,31977.0,0,False,-0.013265738226186484,2.0,-1,50.0
0.6774262542889816,0,3250,False,episode_8_0_84.86/CameraRGB/image_00063.jpg.png,31978.0,True,False,True,31978.0,0,False,-0.013281109242986313,2.0,-1,50.0
0.6572,0,3300,False,episode_8_0_84.86/CameraRGB/image_00064.jpg.png,31979.0,True,False,True,31979.0,0,False,-0.013293638447167131,2.0,-1,50.0
0.6572,0,3350,False,episode_8_0_84.86/CameraRGB/image_00065.jpg.png,31980.0,True,False,True,31980.0,1,False,-0.013304080265727158,2.0,-1,50.0
0.6572,0,3400,False,episode_8_0_84.86/CameraRGB/image_00066.jpg.png,31981.0,True,False,True,31981.0,0,False,-0.013313178839061024,2.0,-1,50.0
0.6774262542889816,0,3450,False,episode_8_0_84.86/CameraRGB/image_00067.jpg.png,31982.0,True,False,True,31982.0,0,False,-0.013320886661048805,2.0,-1,50.0
0.6774262542889816,0,3500,False,episode_8_0_84.86/CameraRGB/image_00068.jpg.png,31983.0,True,False,True,31983.0,0,False,-0.01332870447930734,2.0,-1,50.0
0.6774262542889816,0,3550,False,episode_8_0_84.86/CameraRGB/image_00069.jpg.png,31984.0,True,False,True,31984.0,0,False,-0.013336149154083543,2.0,-1,50.0
0.6774262542889816,0,3600,False,episode_8_0_84.86/CameraRGB/image_00070.jpg.png,31985.0,True,False,True,31985.0,1,False,-0.01334238629635287,2.0,-1,50.0
0.6572,0,3650,False,episode_8_0_84.86/CameraRGB/image_00071.jpg.png,31986.0,True,False,True,31986.0,0,False,-0.013348841795432165,2.0,-1,50.0
0.6572,0,3700,False,episode_8_0_84.86/CameraRGB/image_00072.jpg.png,31987.0,True,False,True,31987.0,0,False,-0.01335419802935256,2.0,-1,50.0
0.6572,0,3750,False,episode_8_0_84.86/CameraRGB/image_00073.jpg.png,31988.0,True,False,True,31988.0,0,False,-0.013360053240018209,2.0,-1,50.0
0.6774262542889816,0,3800,False,episode_8_0_84.86/CameraRGB/image_00074.jpg.png,31989.0,True,False,True,31989.0,0,False,-0.013364970589156757,2.0,-1,50.0
0.6774262542889816,0,3850,False,episode_8_0_84.86/CameraRGB/image_00075.jpg.png,31990.0,True,False,True,31990.0,1,False,-0.013369665356436576,2.0,-1,50.0
0.6572,0,3900,False,episode_8_0_84.86/CameraRGB/image_00076.jpg.png,31991.0,True,False,True,31991.0,0,False,-0.013373240346910896,2.0,-1,50.0
0.6572,0,3950,False,episode_8_0_84.86/CameraRGB/image_00077.jpg.png,31992.0,True,False,True,31992.0,0,False,-0.013376650820027258,2.0,-1,50.0
0.6572,0,4000,False,episode_8_0_84.86/CameraRGB/image_00078.jpg.png,31993.0,True,False,True,31993.0,0,False,-0.013379297589902528,2.0,-1,50.0
0.6774262542889816,0,4050,False,episode_8_0_84.86/CameraRGB/image_00079.jpg.png,31994.0,True,False,True,31994.0,0,False,-0.013381422272754406,2.0,-1,50.0
0.6572,0,4100,False,episode_8_0_84.86/CameraRGB/image_00080.jpg.png,31995.0,True,False,True,31995.0,1,False,-0.013383080496939924,2.0,-1,50.0
0.6572,0,4150,False,episode_8_0_84.86/CameraRGB/image_00081.jpg.png,31996.0,True,False,True,31996.0,0,False,-0.013383432287903394,2.0,-1,50.0
0.5195622195656648,0,4200,False,episode_8_0_84.86/CameraRGB/image_00082.jpg.png,31997.0,True,False,True,31997.0,0,False,-0.013383373258238684,2.0,-1,50.0
0.5195622195656648,0,4250,False,episode_8_0_84.86/CameraRGB/image_00083.jpg.png,31998.0,True,False,True,31998.0,0,False,-0.01338381096870922,2.0,-1,50.0
0.5195622195656648,0,4300,False,episode_8_0_84.86/CameraRGB/image_00084.jpg.png,31999.0,True,False,True,31999.0,0,False,-0.013383423058243693,2.0,-1,50.0
0.4929,0,4350,False,episode_8_0_84.86/CameraRGB/image_00085.jpg.png,32000.0,True,False,True,32000.0,1,False,-0.0133833467072364,2.0,-1,50.0
0.4929,0,4400,False,episode_8_0_84.86/CameraRGB/image_00086.jpg.png,32001.0,True,False,True,32001.0,0,False,-0.013383391948270429,2.0,-1,50.0
0.5195622195656648,0,4450,False,episode_8_0_84.86/CameraRGB/image_00087.jpg.png,32002.0,True,False,True,32002.0,0,False,-0.013383445963819796,2.0,-1,50.0
0.4929,0,4500,False,episode_8_0_84.86/CameraRGB/image_00088.jpg.png,32003.0,True,False,True,32003.0,0,False,-0.013383081188524493,2.0,-1,50.0
0.4929,0,4550,False,episode_8_0_84.86/CameraRGB/image_00089.jpg.png,32004.0,True,False,True,32004.0,0,False,-0.013382959596844657,2.0,-1,50.0
0.4929,0,4600,False,episode_8_0_84.86/CameraRGB/image_00090.jpg.png,32005.0,True,False,True,32005.0,1,False,-0.013383077200172622,2.0,-1,50.0
0.5195622195656648,0,4650,False,episode_8_0_84.86/CameraRGB/image_00091.jpg.png,32006.0,True,False,True,32006.0,0,False,-0.01338840148956688,2.0,-1,50.0
0.5195622195656648,0,4700,False,episode_8_0_84.86/CameraRGB/image_00092.jpg.png,32007.0,True,False,True,32007.0,0,False,-0.013402038390684544,2.0,-1,50.0
0.5195622195656648,0,4750,False,episode_8_0_84.86/CameraRGB/image_00093.jpg.png,32008.0,True,False,True,32008.0,0,False,-0.013416989490041331,2.0,-1,50.0
0.5195622195656648,0,4800,False,episode_8_0_84.86/CameraRGB/image_00094.jpg.png,32009.0,True,False,True,32009.0,0,False,-0.013430490518032913,2.0,-1,50.0
0.4929,0,4850,False,episode_8_0_84.86/CameraRGB/image_00095.jpg.png,32010.0,True,False,True,32010.0,1,False,-0.013439806414226041,2.0,-1,50.0
0.5195622195656648,0,4900,False,episode_8_0_84.86/CameraRGB/image_00096.jpg.png,32011.0,True,False,True,32011.0,0,False,-0.01344732021942896,2.0,-1,50.0
0.5195622195656648,0,4950,False,episode_8_0_84.86/CameraRGB/image_00097.jpg.png,32012.0,True,False,True,32012.0,0,False,-0.013452927842311444,2.0,-1,50.0
0.4929,0,5000,False,episode_8_0_84.86/CameraRGB/image_00098.jpg.png,32013.0,True,False,True,32013.0,0,False,-0.013455401676464971,2.0,-1,50.0
0.4929,0,5050,False,episode_8_0_84.86/CameraRGB/image_00099.jpg.png,32014.0,True,False,True,32014.0,0,False,-0.013456313833064115,2.0,-1,50.0
0.4929,0,5100,False,episode_8_0_84.86/CameraRGB/image_00100.jpg.png,32015.0,True,False,True,32015.0,1,False,-0.013456282801969088,2.0,-1,50.0
0.5195622195656648,0,5150,False,episode_8_0_84.86/CameraRGB/image_00101.jpg.png,32016.0,True,False,True,32016.0,0,False,-0.013455316621983291,2.0,-1,50.0
0.4929,0,5200,False,episode_8_0_84.86/CameraRGB/image_00102.jpg.png,32017.0,True,False,True,32017.0,0,False,-0.013454069295090857,2.0,-1,50.0
0.4929,0,5250,False,episode_8_0_84.86/CameraRGB/image_00103.jpg.png,32018.0,True,False,True,32018.0,0,False,-0.013452188034683843,2.0,-1,50.0
0.4929,0,5300,False,episode_8_0_84.86/CameraRGB/image_00104.jpg.png,32019.0,True,False,True,32019.0,0,False,-0.01344888842601577,2.0,-1,50.0
0.4929,0,5350,False,episode_8_0_84.86/CameraRGB/image_00105.jpg.png,32020.0,True,False,True,32020.0,1,False,-0.013446319245287164,2.0,-1,50.0
0.5195622195656648,0,5400,False,episode_8_0_84.86/CameraRGB/image_00106.jpg.png,32021.0,True,False,True,32021.0,0,False,-0.013443576878056971,2.0,-1,50.0
0.4929,0,5450,False,episode_8_0_84.86/CameraRGB/image_00107.jpg.png,32022.0,True,False,True,32022.0,0,False,-0.013440364125546722,2.0,-1,50.0
0.4929,0,5500,False,episode_8_0_84.86/CameraRGB/image_00108.jpg.png,32023.0,True,False,True,32023.0,0,False,-0.013438406960585958,2.0,-1,50.0
0.5195622195656648,0,5550,False,episode_8_0_84.86/CameraRGB/image_00109.jpg.png,32024.0,True,False,True,32024.0,0,False,-0.013435134602468146,2.0,-1,50.0
0.4929,0,5600,False,episode_8_0_84.86/CameraRGB/image_00110.jpg.png,32025.0,True,False,True,32025.0,1,False,-0.013433054229203378,2.0,-1,50.0
0.5195622195656648,0,5650,False,episode_8_0_84.86/CameraRGB/image_00111.jpg.png,32026.0,True,False,True,32026.0,0,False,-0.013430377059381549,2.0,-1,50.0
0.3673859687032153,0,5700,False,episode_8_0_84.86/CameraRGB/image_00112.jpg.png,32027.0,True,False,True,32027.0,0,False,-0.013428889475102679,2.0,-1,50.0
0.3286,0,5750,False,episode_8_0_84.86/CameraRGB/image_00113.jpg.png,32028.0,True,False,True,32028.0,0,False,-0.013426564296947774,2.0,-1,50.0
0.3286,0,5800,False,episode_8_0_84.86/CameraRGB/image_00114.jpg.png,32029.0,True,False,True,32029.0,0,False,-0.013425611506239221,2.0,-1,50.0
0.3673859687032153,0,5850,False,episode_8_0_84.86/CameraRGB/image_00115.jpg.png,32030.0,True,False,True,32030.0,1,False,-0.013423876721711636,2.0,-1,50.0
0.3286,0,5900,False,episode_8_0_84.86/CameraRGB/image_00116.jpg.png,32031.0,True,False,True,32031.0,0,False,-0.013423576324401054,2.0,-1,50.0
0.3673859687032153,0,5950,False,episode_8_0_84.86/CameraRGB/image_00117.jpg.png,32032.0,True,False,True,32032.0,0,False,-0.013422378736271057,2.0,-1,50.0
0.3673859687032153,0,6000,False,episode_8_0_84.86/CameraRGB/image_00118.jpg.png,32033.0,True,False,True,32033.0,0,False,-0.013421897141338237,2.0,-1,50.0
0.3673859687032153,0,6050,False,episode_8_0_84.86/CameraRGB/image_00119.jpg.png,32034.0,True,False,True,32034.0,0,False,-0.013421235148842749,2.0,-1,50.0
0.3286,0,6100,False,episode_8_0_84.86/CameraRGB/image_00120.jpg.png,32035.0,True,False,True,32035.0,1,False,-0.013421231149120416,2.0,-1,50.0
0.3286,0,6150,False,episode_8_0_84.86/CameraRGB/image_00121.jpg.png,32036.0,True,False,True,32036.0,0,False,-0.013421823942318944,2.0,-1,50.0
0.3286,0,6200,False,episode_8_0_84.86/CameraRGB/image_00122.jpg.png,32037.0,True,False,True,32037.0,0,False,-0.013421882741632809,2.0,-1,50.0
0.3286,0,6250,False,episode_8_0_84.86/CameraRGB/image_00123.jpg.png,32038.0,True,False,True,32038.0,0,False,-0.013421941540939564,2.0,-1,50.0
0.3673859687032153,0,6300,False,episode_8_0_84.86/CameraRGB/image_00124.jpg.png,32039.0,True,False,True,32039.0,0,False,-0.013421285148801587,2.0,-1,50.0
0.3673859687032153,0,6350,False,episode_8_0_84.86/CameraRGB/image_00125.jpg.png,32040.0,True,False,True,32040.0,1,False,-0.013421103951130496,2.0,-1,50.0
0.3286,0,6400,False,episode_8_0_84.86/CameraRGB/image_00126.jpg.png,32041.0,True,False,True,32041.0,0,False,-0.013420808354501546,2.0,-1,50.0
0.3286,0,6450,False,episode_8_0_84.86/CameraRGB/image_00127.jpg.png,32042.0,True,False,True,32042.0,0,False,-0.013420867153866922,2.0,-1,50.0
0.3286,0,6500,False,episode_8_0_84.86/CameraRGB/image_00128.jpg.png,32043.0,True,False,True,32043.0,0,False,-0.013420209961968688,2.0,-1,50.0
0.3286,0,6550,False,episode_8_0_84.86/CameraRGB/image_00129.jpg.png,32044.0,True,False,True,32044.0,0,False,-0.013420209961968688,2.0,-1,50.0
0.3286,0,6600,False,episode_8_0_84.86/CameraRGB/image_00130.jpg.png,32045.0,True,False,True,32045.0,1,False,-0.013420209961968688,2.0,-1,50.0
0.3673859687032153,0,6650,False,episode_8_0_84.86/CameraRGB/image_00131.jpg.png,32046.0,True,False,True,32046.0,0,False,-0.013420209961968688,2.0,-1,50.0
0.3673859687032153,0,6700,False,episode_8_0_84.86/CameraRGB/image_00132.jpg.png,32047.0,True,False,True,32047.0,0,False,-0.013407395650485654,2.0,-1,50.0
0.3673859687032153,0,6750,False,episode_8_0_84.86/CameraRGB/image_00133.jpg.png,32048.0,True,False,True,32048.0,0,False,-0.01338578349700903,2.0,-1,50.0
0.3673859687032153,0,6800,False,episode_8_0_84.86/CameraRGB/image_00134.jpg.png,32049.0,True,False,True,32049.0,0,False,-0.013364214441979884,2.0,-1,50.0
0.3286,0,6850,False,episode_8_0_84.86/CameraRGB/image_00135.jpg.png,32050.0,True,False,True,32050.0,1,False,-0.013347885310642129,2.0,-1,50.0
0.3286,0,6900,False,episode_8_0_84.86/CameraRGB/image_00136.jpg.png,32051.0,True,False,True,32051.0,0,False,-0.013336572550841195,2.0,-1,50.0
0.3286,0,6950,False,episode_8_0_84.86/CameraRGB/image_00137.jpg.png,32052.0,True,False,True,32052.0,0,False,-0.013329675934468987,2.0,-1,50.0
0.3286,0,7000,False,episode_8_0_84.86/CameraRGB/image_00138.jpg.png,32053.0,True,False,True,32053.0,0,False,-0.013325758033887249,2.0,-1,50.0
0.3286,0,7050,False,episode_8_0_84.86/CameraRGB/image_00139.jpg.png,32054.0,True,False,True,32054.0,0,False,-0.013324825960948415,2.0,-1,50.0
0.3286,0,7100,False,episode_8_0_84.86/CameraRGB/image_00140.jpg.png,32055.0,True,False,True,32055.0,1,False,-0.0133243651713153,2.0,-1,50.0
0.3286,0,7150,False,episode_8_0_84.86/CameraRGB/image_00141.jpg.png,32056.0,True,False,True,32056.0,0,False,-0.013327512997983073,2.0,-1,50.0
0.3286,0,7200,False,episode_8_0_84.86/CameraRGB/image_00142.jpg.png,32057.0,True,False,True,32057.0,0,False,-0.01332677718887254,2.0,-1,50.0
0.3673859687032153,0,7250,False,episode_8_0_84.86/CameraRGB/image_00143.jpg.png,32058.0,True,False,True,32058.0,0,False,-0.013334316184569595,2.0,-1,50.0
0.3673859687032153,0,7300,False,episode_8_0_84.86/CameraRGB/image_00144.jpg.png,32059.0,True,False,True,32059.0,0,False,-0.013333017705566164,2.0,-1,50.0
0.2323552882978995,0,7350,False,episode_8_0_84.86/CameraRGB/image_00145.jpg.png,32060.0,True,False,True,32060.0,1,False,-0.013342478107813529,2.0,-1,50.0
0.2323552882978995,0,7400,False,episode_8_0_84.86/CameraRGB/image_00146.jpg.png,32061.0,True,False,True,32061.0,0,False,-0.013341411681202509,2.0,-1,50.0
0.2323552882978995,0,7450,False,episode_8_0_84.86/CameraRGB/image_00147.jpg.png,32062.0,True,False,True,32062.0,0,False,-0.013350494655937515,2.0,-1,50.0
0.2323552882978995,0,7500,False,episode_8_0_84.86/CameraRGB/image_00148.jpg.png,32063.0,True,False,True,32063.0,0,False,-0.0133520744831781,2.0,-1,50.0
0.2323552882978995,0,7550,False,episode_8_0_84.86/CameraRGB/image_00149.jpg.png,32064.0,True,False,True,32064.0,0,False,-0.013358545475740335,2.0,-1,50.0
0.1643,0,7600,False,episode_8_0_84.86/CameraRGB/image_00150.jpg.png,32065.0,True,False,True,32065.0,1,False,-0.013362034913498631,2.0,-1,50.0
0.1643,0,7650,False,episode_8_0_84.86/CameraRGB/image_00151.jpg.png,32066.0,True,False,True,32066.0,0,False,-0.0133679655782144,2.0,-1,50.0
0.1643,0,7700,False,episode_8_0_84.86/CameraRGB/image_00152.jpg.png,32067.0,True,False,True,32067.0,0,False,-0.013372286268366729,2.0,-1,50.0
0.2323552882978995,0,7750,False,episode_8_0_84.86/CameraRGB/image_00153.jpg.png,32068.0,True,False,True,32068.0,0,False,-0.013377133811390609,2.0,-1,50.0
0.2323552882978995,0,7800,False,episode_8_0_84.86/CameraRGB/image_00154.jpg.png,32069.0,True,False,True,32069.0,0,False,-0.013381256593880227,2.0,-1,50.0
0.2323552882978995,0,7850,False,episode_8_0_84.86/CameraRGB/image_00155.jpg.png,32070.0,True,False,True,32070.0,1,False,-0.013385671001034716,2.0,-1,50.0
0.2323552882978995,0,7900,False,episode_8_0_84.86/CameraRGB/image_00156.jpg.png,32071.0,True,False,True,32071.0,0,False,-0.013388764628123441,2.0,-1,50.0
0.2323552882978995,0,7950,False,episode_8_0_84.86/CameraRGB/image_00157.jpg.png,32072.0,True,False,True,32072.0,0,False,-0.013392508266834469,2.0,-1,50.0
0.2323552882978995,0,8000,False,episode_8_0_84.86/CameraRGB/image_00158.jpg.png,32073.0,True,False,True,32073.0,0,False,-0.013395173508008895,2.0,-1,50.0
0.2323552882978995,0,8050,False,episode_8_0_84.86/CameraRGB/image_00159.jpg.png,32074.0,True,False,True,32074.0,0,False,-0.01339777435097389,2.0,-1,50.0
0.1643,0,8100,False,episode_8_0_84.86/CameraRGB/image_00160.jpg.png,32075.0,True,False,True,32075.0,1,False,-0.013399301588660428,2.0,-1,50.0
0.1643,0,8150,False,episode_8_0_84.86/CameraRGB/image_00161.jpg.png,32076.0,True,False,True,32076.0,0,False,-0.013401605215993763,2.0,-1,50.0
0.1643,0,8200,False,episode_8_0_84.86/CameraRGB/image_00162.jpg.png,32077.0,True,False,True,32077.0,0,False,-0.013402178847117696,2.0,-1,50.0
0.1643,0,8250,False,episode_8_0_84.86/CameraRGB/image_00163.jpg.png,32078.0,True,False,True,32078.0,0,False,-0.013402568884522736,2.0,-1,50.0
0.1643,0,8300,False,episode_8_0_84.86/CameraRGB/image_00164.jpg.png,32079.0,True,False,True,32079.0,0,False,-0.013402010920709806,2.0,-1,50.0
0.1643,0,8350,False,episode_8_0_84.86/CameraRGB/image_00165.jpg.png,32080.0,True,False,True,32080.0,1,False,-0.013402532937034195,2.0,-1,50.0
0.1643,0,8400,False,episode_8_0_84.86/CameraRGB/image_00166.jpg.png,32081.0,True,False,True,32081.0,0,False,-0.013402106954279349,2.0,-1,50.0
0.2323552882978995,0,8450,False,episode_8_0_84.86/CameraRGB/image_00167.jpg.png,32082.0,True,False,True,32082.0,0,False,-0.013402161760804887,2.0,-1,50.0
0.2323552882978995,0,8500,False,episode_8_0_84.86/CameraRGB/image_00168.jpg.png,32083.0,True,False,True,32083.0,0,False,-0.013402035372894085,2.0,-1,50.0
0.2323552882978995,0,8550,False,episode_8_0_84.86/CameraRGB/image_00169.jpg.png,32084.0,True,False,True,32084.0,0,False,-0.013402094173411427,2.0,-1,50.0
0.2323552882978995,0,8600,False,episode_8_0_84.86/CameraRGB/image_00170.jpg.png,32085.0,True,False,True,32085.0,1,False,-0.013401673783071107,2.0,-1,50.0
0.2323552882978995,0,8650,False,episode_8_0_84.86/CameraRGB/image_00171.jpg.png,32086.0,True,False,True,32086.0,0,False,-0.013402211774426577,2.0,-1,50.0
0.2323552882978995,0,8700,False,episode_8_0_84.86/CameraRGB/image_00172.jpg.png,32087.0,True,False,True,32087.0,0,False,-0.013401076192538495,2.0,-1,50.0
0.1643,0,8750,False,episode_8_0_84.86/CameraRGB/image_00173.jpg.png,32088.0,True,False,True,32088.0,0,False,-0.013409630861285216,2.0,-1,50.0
0.1643,0,8800,False,episode_8_0_84.86/CameraRGB/image_00174.jpg.png,32089.0,True,False,True,32089.0,0,False,-0.013423938738550412,2.0,-1,50.0
0.2323552882978995,0,8850,False,episode_8_0_84.86/CameraRGB/image_00175.jpg.png,32090.0,True,False,True,32090.0,1,False,-0.013438889336478963,2.0,-1,50.0
0.1643,0,8900,False,episode_8_0_84.86/CameraRGB/image_00176.jpg.png,32091.0,True,False,True,32091.0,0,False,-0.013451006970046642,2.0,-1,50.0
0.1643,0,8950,False,episode_8_0_84.86/CameraRGB/image_00177.jpg.png,32092.0,True,False,True,32092.0,0,False,-0.013460665354594779,2.0,-1,50.0
0.0,0,9000,False,episode_8_0_84.86/CameraRGB/image_00178.jpg.png,32093.0,True,False,True,32093.0,0,False,-0.013467033888369784,2.0,-1,50.0
0.0,0,9050,False,episode_8_0_84.86/CameraRGB/image_00179.jpg.png,32094.0,True,False,True,32094.0,0,False,-0.013471980187807377,2.0,-1,50.0
0.1643,0,9100,False,episode_8_0_84.86/CameraRGB/image_00180.jpg.png,32095.0,True,False,True,32095.0,1,False,-0.013474632693371014,2.0,-1,50.0
0.0,0,9150,False,episode_8_0_84.86/CameraRGB/image_00181.jpg.png,32096.0,True,False,True,32096.0,0,False,-0.013475610729654086,2.0,-1,50.0
0.1643,0,9200,False,episode_8_0_84.86/CameraRGB/image_00182.jpg.png,32097.0,True,False,True,32097.0,0,False,-0.013475703587802812,2.0,-1,50.0
0.0,0,9250,False,episode_8_0_84.86/CameraRGB/image_00183.jpg.png,32098.0,True,False,True,32098.0,0,False,-0.013474500512245413,2.0,-1,50.0
0.1643,0,9300,False,episode_8_0_84.86/CameraRGB/image_00184.jpg.png,32099.0,True,False,True,32099.0,0,False,-0.013472546747338221,2.0,-1,50.0
0.1643,0,9350,False,episode_8_0_84.86/CameraRGB/image_00185.jpg.png,32100.0,True,False,True,32100.0,1,False,-0.013470843436529378,2.0,-1,50.0
0.0,0,9400,False,episode_8_0_84.86/CameraRGB/image_00186.jpg.png,32101.0,True,False,True,32101.0,0,False,-0.013468023001536268,2.0,-1,50.0
0.0,0,9450,False,episode_8_0_84.86/CameraRGB/image_00187.jpg.png,32102.0,True,False,True,32102.0,0,False,-0.013465393410577065,2.0,-1,50.0
0.0,0,9500,False,episode_8_0_84.86/CameraRGB/image_00188.jpg.png,32103.0,True,False,True,32103.0,0,False,-0.013462831445688828,2.0,-1,50.0
0.1643,0,9550,False,episode_8_0_84.86/CameraRGB/image_00189.jpg.png,32104.0,True,False,True,32104.0,0,False,-0.013459975495316634,2.0,-1,50.0
0.1643,0,9600,False,episode_8_0_84.86/CameraRGB/image_00190.jpg.png,32105.0,True,False,True,32105.0,1,False,-0.013457539144084762,2.0,-1,50.0
0.0,0,9650,False,episode_8_0_84.86/CameraRGB/image_00191.jpg.png,32106.0,True,False,True,32106.0,0,False,-0.013454742788192142,2.0,-1,50.0
0.0,0,9700,False,episode_8_0_84.86/CameraRGB/image_00192.jpg.png,32107.0,True,False,True,32107.0,0,False,-0.013452903227148205,2.0,-1,50.0
0.0,0,9750,False,episode_8_0_84.86/CameraRGB/image_00193.jpg.png,32108.0,True,False,True,32108.0,0,False,-0.013449924060110694,2.0,-1,50.0
0.0,0,9800,False,episode_8_0_84.86/CameraRGB/image_00194.jpg.png,32109.0,True,False,True,32109.0,0,False,-0.013448020887619094,2.0,-1,50.0
0.1643,0,9850,False,episode_8_0_84.86/CameraRGB/image_00195.jpg.png,32110.0,True,False,True,32110.0,1,False,-0.013446351302921043,2.0,-1,50.0
0.1643,0,9900,False,episode_8_0_84.86/CameraRGB/image_00196.jpg.png,32111.0,True,False,True,32111.0,0,False,-0.013445397712513518,2.0,-1,50.0
0.0,0,9950,False,episode_8_0_84.86/CameraRGB/image_00197.jpg.png,32112.0,True,False,True,32112.0,0,False,-0.013444081717817193,2.0,-1,50.0
0.0,0,10000,False,episode_8_0_84.86/CameraRGB/image_00198.jpg.png,32113.0,True,False,True,32113.0,0,False,-0.013442587727144684,2.0,-1,50.0
0.0,0,10050,False,episode_8_0_84.86/CameraRGB/image_00199.jpg.png,32114.0,True,False,True,32114.0,0,False,-0.01344258291983902,2.0,-1,50.0
0.0,0,10100,False,episode_8_0_84.86/CameraRGB/image_00200.jpg.png,32115.0,True,False,True,32115.0,1,False,-0.013442223721373379,2.0,-1,50.0
0.1643,0,10150,False,episode_8_0_84.86/CameraRGB/image_00201.jpg.png,32116.0,True,False,True,32116.0,0,False,-0.01344138131916317,2.0,-1,50.0
0.1643,0,10200,False,episode_8_0_84.86/CameraRGB/image_00202.jpg.png,32117.0,True,False,True,32117.0,0,False,-0.013441317714151245,2.0,-1,50.0
0.1643,0,10250,False,episode_8_0_84.86/CameraRGB/image_00203.jpg.png,32118.0,True,False,True,32118.0,0,False,-0.013441435310427964,2.0,-1,50.0
0.0,0,10300,False,episode_8_0_84.86/CameraRGB/image_00204.jpg.png,32119.0,True,False,True,32119.0,0,False,-0.013441494108556109,2.0,-1,50.0
